{
  "neural": {
    "epoch": 48,
    "value": 0.0010949804999479712,
    "std": 4.15321939500531e-05
  },
  "completed": {
    "epoch": 5,
    "value": 4707.0,
    "std": 0.0
  }
}