{
  "best_lr": 5.623413251903491e-05,
  "sweep_timestamp": "2025-08-20T18:19:50.223236",
  "lr_candidates": [
    1e-05,
    5.623413251903491e-05,
    0.00031622776601683794,
    0.0017782794100389228,
    0.01
  ],
  "results": {
    "1.0e-05": {
      "final_train_loss": 0.017850741371512414,
      "final_val_loss": 0.026552049815654753,
      "convergence_speed": 1.0,
      "stability_score": 0.9829860490611679
    },
    "5.6e-05": {
      "final_train_loss": 0.013004084336571395,
      "final_val_loss": 0.022871656119823457,
      "convergence_speed": 1.0,
      "stability_score": 0.9795096110198959
    },
    "3.2e-04": {
      "final_train_loss": 0.011722180303186178,
      "final_val_loss": 0.023431508392095565,
      "convergence_speed": 1.0,
      "stability_score": 0.9695571163934953
    },
    "1.8e-03": {
      "final_train_loss": 0.012921922521200032,
      "final_val_loss": 0.023237586412578823,
      "convergence_speed": 1.0,
      "stability_score": 0.9168829827746457
    },
    "1.0e-02": {
      "final_train_loss": 0.013555344892665744,
      "final_val_loss": 0.02467039743438363,
      "convergence_speed": 1.0,
      "stability_score": 0.15192746246013902
    }
  }
}