{
  "best_lr": 1e-05,
  "sweep_timestamp": "2025-08-20T20:46:41.681018",
  "lr_candidates": [
    1e-05,
    5.623413251903491e-05,
    0.00031622776601683794,
    0.0017782794100389228,
    0.01
  ],
  "results": {
    "1.0e-05": {
      "final_train_loss": 0.016533207148313522,
      "final_val_loss": 0.022846511527895928,
      "convergence_speed": 1.0,
      "stability_score": 0.9845153594310326
    },
    "5.6e-05": {
      "final_train_loss": 0.013383463728241623,
      "final_val_loss": 0.02412259828299284,
      "convergence_speed": 1.0,
      "stability_score": 0.981272496746489
    },
    "3.2e-04": {
      "final_train_loss": 0.012561264084652066,
      "final_val_loss": 0.024710019435733557,
      "convergence_speed": 1.0,
      "stability_score": 0.9730038188495684
    },
    "1.8e-03": {
      "final_train_loss": 0.013290426544845104,
      "final_val_loss": 0.023745903018862008,
      "convergence_speed": 1.0,
      "stability_score": 0.8955211554445014
    },
    "1.0e-02": {
      "final_train_loss": 0.013099603950977326,
      "final_val_loss": 0.02550844958052039,
      "convergence_speed": 1.0,
      "stability_score": 0.2914524654129896
    }
  }
}