{
  "best_lr": 1e-05,
  "sweep_timestamp": "2025-08-20T18:47:03.080072",
  "lr_candidates": [
    1e-05,
    5.623413251903491e-05,
    0.00031622776601683794,
    0.0017782794100389228,
    0.01
  ],
  "results": {
    "1.0e-05": {
      "final_train_loss": 0.014925572746433318,
      "final_val_loss": 0.022439445741474627,
      "convergence_speed": 1.0,
      "stability_score": 0.9788138618110972
    },
    "5.6e-05": {
      "final_train_loss": 0.011679814949166029,
      "final_val_loss": 0.022366527933627367,
      "convergence_speed": 1.0,
      "stability_score": 0.9769137478318762
    },
    "3.2e-04": {
      "final_train_loss": 0.012338958783075213,
      "final_val_loss": 0.023394692204892636,
      "convergence_speed": 1.0,
      "stability_score": 0.9697299587952298
    },
    "1.8e-03": {
      "final_train_loss": 0.012041553043527529,
      "final_val_loss": 0.02600721947848797,
      "convergence_speed": 1.0,
      "stability_score": 0.9055427174794088
    },
    "1.0e-02": {
      "final_train_loss": 0.011563725161831826,
      "final_val_loss": 0.03819366730749607,
      "convergence_speed": 1.0,
      "stability_score": 0.35914690350978
    }
  }
}