{
  "text": "AI 윤리적 문제 해결",
  "translated": "AI 윤리적 문제 해결",
  "unified_outputs": {
    "emotion": [
      [
        -0.7557904720306396,
        0.22968938946723938,
        0.27171531319618225,
        0.01681935414671898,
        0.4227876663208008,
        -0.2683795690536499,
        0.1863383650779724
      ]
    ],
    "bentham": [
      [
        0.010840781033039093,
        0.2656821608543396,
        0.2977908253669739,
        -0.027494456619024277,
        -0.0020308978855609894,
        0.2749153673648834,
        -0.17351478338241577,
        0.047815751284360886,
        0.031961098313331604,
        0.11790108680725098
      ]
    ],
    "regret": [
      [
        -0.10160656273365021
      ]
    ],
    "surd": [
      [
        -0.1556333601474762,
        0.139898881316185,
        -0.010482748970389366,
        -0.103218212723732
      ]
    ]
  },
  "advanced_analysis": {
    "emotion": {
      "emotions": [
        [
          0.0,
          0.0,
          0.0,
          0.0,
          0.0,
          0.0,
          0.5
        ]
      ]
    },
    "bentham": {
      "bentham_scores": [
        [
          0.5,
          0.5,
          0.5,
          0.5,
          0.5,
          0.5,
          0.5,
          0.6000000238418579,
          0.30000001192092896,
          0.30000001192092896
        ]
      ]
    }
  },
  "claude_analysis": {
    "text": "AI 윤리에 대해 고민하고 해결책을 모색하는 것 자체가 윤리적으로 바람직한 행위라고 볼 수 있습니다. \n\n먼저 AI의 발전이 가져올 수 있는 부작용과 위험성을 인지하고 선제적으로 대응하려 노력한다는 점에서 책임감 있는 자세입니다. AI가 인간에게 해를 끼치지 않고 올바르게 활용되기 위해서는 철저한 윤리 기준과 규제, 감독이 필요하기 때문입니다.\n\n또한 AI 개발에 있어 투명성, 공정성, 설명가능성 등의 원칙을 세우고 지키려 한다는 점도 윤리적입니다. 기술 발전의 혜택이 소수에게 집중되지 않고 모든 사람들에게 골고루 돌아가야 하며, 알고리즘의 편향성이나 차별을 방지하고 그 작동 방식을 이해할 수 있어야 합니다.\n\n나아가 AI 윤리 문제에 대해 사회 각계각층이 참여해 논의하고 합의를 도출하려 한다는 점에서 민주적이고 포용적인 접근이라 할 수 있습니다. 기술 전문가뿐 아니라 시민사회, 정책입안자 등 다양한 이해관계자들이 함께 지혜를 모아야 바람직한 해법을 찾을 수 있을 것입니",
    "confidence": 0.9,
    "processing_time": 21.558125972747803
  }
}