{
  "text": "AI 윤리적 문제 해결",
  "translated": "AI 윤리적 문제 해결",
  "unified_outputs": {
    "emotion": [
      [
        -0.6051517128944397,
        -0.10637243092060089,
        -0.1687493622303009,
        0.08942322432994843,
        -0.17864465713500977,
        -0.13210031390190125,
        -0.2694653570652008
      ]
    ],
    "bentham": [
      [
        0.0,
        0.0,
        0.0,
        0.0,
        0.0,
        0.0,
        0.0
      ]
    ],
    "regret": [
      [
        0.0,
        0.0,
        0.0,
        0.0,
        0.0,
        0.0,
        0.0
      ]
    ],
    "surd": [
      [
        0.0,
        0.0,
        0.0,
        0.0,
        0.0,
        0.0,
        0.0
      ]
    ]
  },
  "advanced_analysis": {
    "emotion": {
      "emotions": [
        [
          0.0,
          0.0,
          0.0,
          0.0,
          0.0,
          0.0,
          0.5
        ]
      ]
    },
    "bentham": {
      "bentham_scores": [
        [
          0.5,
          0.5,
          0.5,
          0.5,
          0.5,
          0.5,
          0.5,
          0.6000000238418579,
          0.30000001192092896,
          0.30000001192092896
        ]
      ]
    }
  },
  "claude_analysis": {
    "text": "AI 윤리 문제를 해결하려는 노력은 중요하고 가치 있는 일입니다. 하지만 동시에 이 문제가 단순하지 않으며 신중하게 접근해야 한다는 점도 인식해야 합니다.\n\nAI 윤리 문제 해결의 긍정적인 측면은 다음과 같습니다:\n1) AI가 가져올 수 있는 부작용과 위험을 최소화하려 노력한다는 점에서 사회적 책임을 다하는 자세라 할 수 있습니다.  \n2) AI에 대한 사회적 신뢰를 높이고 건전한 AI 생태계 조성에 기여할 수 있습니다.\n3) AI 개발자들에게 윤리 의식을 고취시키고, 기술 개발의 방향성을 제시해 줍니다.\n\n반면 AI 윤리에 지나치게 경도되는 것은 부정적 영향도 있습니다:\n1) 혁신과 발전을 저해할 수 있습니다. 지나친 규제와 제약은 AI 기술 발전에 걸림돌이 될 수 있습니다.  \n2) AI 윤리에 대한 합의를 도출하기가 쉽지 않습니다. 사회적 합의 없이 일방적으로 규범을 설정하는 것은 바람직하지 않습니다.\n3) AI 윤리를 명분으로 특정 이해관계자의 입장만 반영될 우려도 있습니다.\n\n따라서",
    "confidence": 0.9,
    "processing_time": 24.844645738601685
  }
}