{
  "explained_variance_ratio": [
    0.3510040839133233,
    0.20146635939243993,
    0.19912281405062768,
    0.10637282141107908,
    0.07776435921461154,
    0.06426956201791857,
    0.0
  ],
  "cumulative_variance": [
    0.3510040839133233,
    0.5524704433057632,
    0.7515932573563909,
    0.85796607876747,
    0.9357304379820816,
    1.0000000000000002,
    1.0000000000000002
  ],
  "components": [
    [
      -0.47086779827590747,
      -0.4900777876647525,
      -0.1443131313987814,
      -0.08911494993498166,
      0.18977735993952036,
      0.4904156711949985,
      0.48251067085519506
    ],
    [
      -0.41239196824541424,
      -0.03535616685698892,
      0.5178624271582116,
      -0.1911754631393245,
      0.6074169721895072,
      -0.3103407625187625,
      -0.2422529418573266
    ],
    [
      -0.16819780268659015,
      -0.3400887082228512,
      0.49237236603869006,
      0.6779690554651363,
      -0.3735413038102863,
      0.026598600617851076,
      -0.11720064631550081
    ],
    [
      -0.026996510310541316,
      -0.05950341005614035,
      -0.548206053471423,
      0.5699078004694275,
      0.4917812027850923,
      0.018834147926433717,
      -0.3580534568793654
    ],
    [
      -0.17864429818535932,
      0.24449916585276782,
      0.09135958405116448,
      -0.1870420188567848,
      -0.12370509588043972,
      0.7016886722786734,
      -0.5977500637023312
    ],
    [
      -0.5927119999775381,
      0.6860167612029306,
      -0.09875206242842766,
      0.24669418132521478,
      -0.13567725179482001,
      -0.09395143563089997,
      0.28324602483703143
    ],
    [
      0.4426915048703966,
      0.3301119196268864,
      0.38721216317487217,
      0.27428231964459515,
      0.42418869749687205,
      0.40115458968005685,
      0.3592008434708702
    ]
  ],
  "n_components": 7
}