{
  "metadata": {
    "total_samples": 10460,
    "validation_date": "2025-08-16 16:51:08.839807",
    "validation_version": "1.0"
  },
  "emotion_statistics": {
    "Joy": {
      "mean": 0.09197801147227534,
      "std": 0.07543055189346069,
      "min": 0.0,
      "max": 0.6,
      "q1": 0.05,
      "median": 0.05,
      "q3": 0.1,
      "skewness": 2.2509087217995494,
      "kurtosis": 5.161513295211206
    },
    "Anger": {
      "mean": 0.10510994263862333,
      "std": 0.05624802827728943,
      "min": 0.0,
      "max": 0.4,
      "q1": 0.05,
      "median": 0.1,
      "q3": 0.15,
      "skewness": 0.5800854002772713,
      "kurtosis": 0.9405496233515671
    },
    "Surprise": {
      "mean": 0.18080401529636714,
      "std": 0.06597738345282296,
      "min": 0.0,
      "max": 0.65,
      "q1": 0.15,
      "median": 0.15,
      "q3": 0.2,
      "skewness": 0.5020345822228767,
      "kurtosis": 1.297645513807418
    },
    "Disgust": {
      "mean": 0.07728489483747612,
      "std": 0.046735179053113814,
      "min": 0.0,
      "max": 0.3,
      "q1": 0.05,
      "median": 0.05,
      "q3": 0.1,
      "skewness": 1.3135332600595813,
      "kurtosis": 2.2223350806597306
    },
    "Sadness": {
      "mean": 0.23438527724665392,
      "std": 0.07227784406778863,
      "min": 0.0,
      "max": 0.65,
      "q1": 0.2,
      "median": 0.2,
      "q3": 0.3,
      "skewness": 0.13567792791255065,
      "kurtosis": 0.3541304703199524
    },
    "Shame": {
      "mean": 0.16509990439770555,
      "std": 0.06835304441412392,
      "min": 0.0,
      "max": 0.6,
      "q1": 0.1,
      "median": 0.15,
      "q3": 0.2,
      "skewness": 0.5093605044406724,
      "kurtosis": 0.9421935573611449
    },
    "Fear": {
      "mean": 0.14533795411089867,
      "std": 0.06120451277134101,
      "min": 0.0,
      "max": 0.6,
      "q1": 0.1,
      "median": 0.15,
      "q3": 0.2,
      "skewness": 1.2736829656291109,
      "kurtosis": 3.3059693090003694
    }
  },
  "bentham_statistics": {
    "intensity": {
      "mean": 0.5765372848948375,
      "std": 0.14277259340711107,
      "min": 0.1,
      "max": 0.9,
      "q1": 0.4,
      "median": 0.6,
      "q3": 0.7
    },
    "duration": {
      "mean": 0.6325717017208413,
      "std": 0.19073617600213832,
      "min": 0.1,
      "max": 0.95,
      "q1": 0.5,
      "median": 0.7,
      "q3": 0.8
    },
    "certainty": {
      "mean": 0.6488546845124283,
      "std": 0.17287349874932695,
      "min": 0.1,
      "max": 1.0,
      "q1": 0.5,
      "median": 0.7,
      "q3": 0.8
    },
    "propinquity": {
      "mean": 0.8293021032504782,
      "std": 0.13486375298567554,
      "min": 0.2,
      "max": 1.0,
      "q1": 0.8,
      "median": 0.9,
      "q3": 0.9
    }
  },
  "surd_statistics": {
    "selection": {
      "mean": 0.5698231357552581,
      "std": 0.177112265441723,
      "min": 0.1,
      "max": 1.0,
      "q1": 0.4,
      "median": 0.6,
      "q3": 0.7
    },
    "uncertainty": {
      "mean": 0.5517160611854686,
      "std": 0.17384601675961847,
      "min": 0.1,
      "max": 0.9,
      "q1": 0.4,
      "median": 0.6,
      "q3": 0.7
    },
    "risk": {
      "mean": 0.5506453154875717,
      "std": 0.17626303136411017,
      "min": 0.1,
      "max": 0.9,
      "q1": 0.4,
      "median": 0.5,
      "q3": 0.7
    },
    "decision": {
      "mean": 0.666357552581262,
      "std": 0.15820190126359862,
      "min": 0.2,
      "max": 1.0,
      "q1": 0.5,
      "median": 0.7,
      "q3": 0.8
    }
  },
  "regret_statistics": {
    "mean": 0.39362332695984703,
    "std": 0.18536297808147517,
    "min": 0.0,
    "max": 0.95,
    "q1": 0.3,
    "median": 0.35,
    "q3": 0.45,
    "skewness": 0.6209608371815261,
    "kurtosis": -0.5068933771165218
  },
  "reliability_tests": {},
  "theoretical_validity": {
    "joy_sadness_correlation": -0.446925458318697,
    "shame_fear_correlation": 0.43777565006612623,
    "anger_disgust_correlation": -0.1785505665949802,
    "validity_check": {
      "joy_sadness": "Valid",
      "shame_fear": "Valid",
      "anger_disgust": "Invalid"
    }
  }
}