{
  "backbone": {
    "module": "backbone",
    "metrics": {
      "losses": [
        0.7758842922584099,
        0.75655607112735,
        0.776124976409173
      ],
      "accuracies": [
        0.0,
        0.0,
        0.0
      ],
      "epochs": [
        1,
        2,
        3
      ],
      "gradients": [],
      "learning_rates": [
        2.097152000000001e-05,
        2.097152000000001e-05,
        2.097152000000001e-05
      ]
    },
    "analyses": {
      "plateau": {
        "detected": false
      },
      "task_scores": {
        "accuracy": 0.0,
        "loss_improvement": 0.0
      },
      "mcda": {
        "scores": [
          0.15232698984765194,
          0.4486371950334276,
          0.1486371950334276
        ],
        "best_epoch_idx": 1,
        "best_epoch": 2,
        "best_score": 0.4486371950334276,
        "weights": {
          "loss": 0.3,
          "accuracy": 0.4,
          "stability": 0.15,
          "gradient_health": 0.15
        }
      },
      "voting": {
        "candidates": {
          "mcda": 1,
          "min_loss": "1"
        },
        "selected_epoch_idx": 1,
        "selected_epoch": 2,
        "votes": 2,
        "total_voters": 2,
        "confidence": 1.0
      }
    },
    "recommendation": {
      "epoch_idx": 1,
      "epoch": 2,
      "confidence": 1.0,
      "reasoning": [
        "\ub192\uc740 \ud22c\ud45c \uc2e0\ub8b0\ub3c4 (100.0%)"
      ]
    }
  },
  "emotion_head": {
    "module": "emotion_head",
    "metrics": {
      "losses": [
        2.14496757458901,
        2.1424319256332134,
        2.1473266639754045
      ],
      "accuracies": [
        0.0,
        0.0,
        0.0
      ],
      "epochs": [
        1,
        2,
        3
      ],
      "gradients": [],
      "learning_rates": [
        2.097152000000001e-05,
        2.097152000000001e-05,
        2.097152000000001e-05
      ]
    },
    "analyses": {
      "plateau": {
        "detected": false
      },
      "task_scores": {
        "emotion_score": 0.0,
        "bentham_score": 0.0,
        "regret_score": 0.0,
        "surd_score": 0.0,
        "combined": 0.0
      },
      "mcda": {
        "scores": [
          0.2942900979249886,
          0.44970079274845487,
          0.14970079274845485
        ],
        "best_epoch_idx": 1,
        "best_epoch": 2,
        "best_score": 0.44970079274845487,
        "weights": {
          "loss": 0.3,
          "accuracy": 0.4,
          "stability": 0.15,
          "gradient_health": 0.15
        }
      },
      "voting": {
        "candidates": {
          "mcda": 1,
          "task": 0,
          "min_loss": "1"
        },
        "selected_epoch_idx": 1,
        "selected_epoch": 2,
        "votes": 2,
        "total_voters": 3,
        "confidence": 0.6666666666666666
      }
    },
    "recommendation": {
      "epoch_idx": 1,
      "epoch": 2,
      "confidence": 0.6666666666666666,
      "reasoning": [
        "\ub192\uc740 \ud22c\ud45c \uc2e0\ub8b0\ub3c4 (66.7%)"
      ]
    }
  },
  "bentham_head": {
    "module": "bentham_head",
    "metrics": {
      "losses": [
        0.34352624957693695,
        0.3373723233806016,
        0.34340235293671306
      ],
      "accuracies": [
        0.018769917441783298,
        0.005927342344538431,
        0.01923730644307016
      ],
      "epochs": [
        1,
        2,
        3
      ],
      "gradients": [],
      "learning_rates": [
        2.097152000000001e-05,
        2.097152000000001e-05,
        2.097152000000001e-05
      ]
    },
    "analyses": {
      "plateau": {
        "detected": false
      },
      "task_scores": {
        "emotion_score": 0.0,
        "bentham_score": 0.0,
        "regret_score": 0.0,
        "surd_score": 0.0,
        "combined": 0.0
      },
      "mcda": {
        "scores": [
          0.5355241103505268,
          0.4495703992158264,
          0.5556102818665615
        ],
        "best_epoch_idx": 2,
        "best_epoch": 3,
        "best_score": 0.5556102818665615,
        "weights": {
          "loss": 0.3,
          "accuracy": 0.4,
          "stability": 0.15,
          "gradient_health": 0.15
        }
      },
      "voting": {
        "candidates": {
          "mcda": 2,
          "task": 0,
          "min_loss": "1"
        },
        "selected_epoch_idx": 2,
        "selected_epoch": 3,
        "votes": 1,
        "total_voters": 3,
        "confidence": 0.3333333333333333
      }
    },
    "recommendation": {
      "epoch_idx": 2,
      "epoch": 3,
      "confidence": 0.3333333333333333,
      "reasoning": []
    }
  },
  "regret_head": {
    "module": "regret_head",
    "metrics": {
      "losses": [
        0.13607395345016496,
        0.14650547911144124,
        0.1360564698235009
      ],
      "accuracies": [
        0.021085617165923092,
        0.0014340344168260039,
        0.023263224984066286
      ],
      "epochs": [
        1,
        2,
        3
      ],
      "gradients": [],
      "learning_rates": [
        2.097152000000001e-05,
        2.097152000000001e-05,
        2.097152000000001e-05
      ]
    },
    "analyses": {
      "plateau": {
        "detected": false
      },
      "task_scores": {
        "emotion_score": 0.0,
        "bentham_score": 0.0,
        "regret_score": 0.0,
        "surd_score": 0.0,
        "combined": 0.0
      },
      "mcda": {
        "scores": [
          0.8088607300656012,
          0.1492653763504476,
          0.8492653763504475
        ],
        "best_epoch_idx": 2,
        "best_epoch": 3,
        "best_score": 0.8492653763504475,
        "weights": {
          "loss": 0.3,
          "accuracy": 0.4,
          "stability": 0.15,
          "gradient_health": 0.15
        }
      },
      "voting": {
        "candidates": {
          "mcda": 2,
          "task": 0,
          "min_loss": "2"
        },
        "selected_epoch_idx": 2,
        "selected_epoch": 3,
        "votes": 2,
        "total_voters": 3,
        "confidence": 0.6666666666666666
      }
    },
    "recommendation": {
      "epoch_idx": 2,
      "epoch": 3,
      "confidence": 0.6666666666666666,
      "reasoning": [
        "MCDA \uc810\uc218 \uc6b0\uc218 (0.849)",
        "\ub192\uc740 \ud22c\ud45c \uc2e0\ub8b0\ub3c4 (66.7%)"
      ]
    }
  },
  "surd_head": {
    "module": "surd_head",
    "metrics": {
      "losses": [
        0.5550846453682491,
        0.4526411635697914,
        0.5545182465076042
      ],
      "accuracies": [
        0.16831315062672617,
        0.1806883365200765,
        0.16868493732738474
      ],
      "epochs": [
        1,
        2,
        3
      ],
      "gradients": [],
      "learning_rates": [
        2.097152000000001e-05,
        2.097152000000001e-05,
        2.097152000000001e-05
      ]
    },
    "analyses": {
      "plateau": {
        "detected": false
      },
      "task_scores": {
        "emotion_score": 0.0,
        "bentham_score": 0.0,
        "regret_score": 0.0,
        "surd_score": 0.0,
        "combined": 0.0
      },
      "mcda": {
        "scores": [
          0.1431080079142392,
          0.8431080079142391,
          0.1567838426434215
        ],
        "best_epoch_idx": 1,
        "best_epoch": 2,
        "best_score": 0.8431080079142391,
        "weights": {
          "loss": 0.3,
          "accuracy": 0.4,
          "stability": 0.15,
          "gradient_health": 0.15
        }
      },
      "voting": {
        "candidates": {
          "mcda": 1,
          "task": 0,
          "min_loss": "1"
        },
        "selected_epoch_idx": 1,
        "selected_epoch": 2,
        "votes": 2,
        "total_voters": 3,
        "confidence": 0.6666666666666666
      }
    },
    "recommendation": {
      "epoch_idx": 1,
      "epoch": 2,
      "confidence": 0.6666666666666666,
      "reasoning": [
        "MCDA \uc810\uc218 \uc6b0\uc218 (0.843)",
        "\ub192\uc740 \ud22c\ud45c \uc2e0\ub8b0\ub3c4 (66.7%)"
      ]
    }
  },