{
  "regret_head": {
    "module": "regret_head",
    "metrics": {
      "train_losses": [
        0.11199647447938332,
        0.1122791638930478,
        0.11333755083887172
      ],
      "val_losses": [
        0.11199647447938332,
        0.1122791638930478,
        0.11333755083887172
      ],
      "train_accuracies": [
        0.667569577225409,
        0.6654981941788826,
        0.6635330359039728
      ],
      "val_accuracies": [
        0.667569577225409,
        0.6654981941788826,
        0.6635330359039728
      ],
      "epochs": [
        1,
        2,
        3
      ],
      "gradients": [
        0,
        0,
        0
      ],
      "learning_rates": [
        1.1744051200000004e-05,
        1.1744051200000004e-05,
        1.1744051200000004e-05
      ],
      "overfitting_scores": [
        0.0,
        0.0,
        0.0
      ],
      "generalization_gaps": [
        0.0,
        0.0,
        0.0
      ]
    },
    "analyses": {
      "plateau": {
        "detected": false
      },
      "task_scores": {
        "emotion_score": 0.0,
        "bentham_score": 0.0,
        "regret_score": 0.0,
        "surd_score": 0.0,
        "combined": 0.0
      },
      "mcda": {
        "scores": [
          0.8499134678761584,
          0.5814124313182738,
          0.14991346787615845
        ],
        "best_epoch_idx": 0,
        "best_epoch": 1,
        "best_score": 0.8499134678761584,
        "weights": {
          "loss": 0.3,
          "accuracy": 0.4,
          "stability": 0.15,
          "gradient_health": 0.15
        }
      },
      "voting": {
        "candidates": {
          "mcda": 0,
          "task": 0,
          "min_loss": "0"
        },
        "selected_epoch_idx": 0,
        "selected_epoch": 1,
        "votes": 3,
        "total_voters": 3,
        "confidence": 1.0
      }
    },
    "recommendation": {
      "epoch_idx": 0,
      "epoch": 1,
      "confidence": 1.0,
      "reasoning": [
        "MCDA \uc810\uc218 \uc6b0\uc218 (0.850)",
        "\ub192\uc740 \ud22c\ud45c \uc2e0\ub8b0\ub3c4 (100.0%)"
      ]
    }
  },
  "backbone": {
    "module": "backbone",
    "metrics": {
      "train_losses": [
        0.6213568752108801,
        0.6203974824511932,
        0.6203515899581517
      ],
      "val_losses": [
        0.6213568752108801,
        0.6203974824511932,
        0.6203515899581517
      ],
      "train_accuracies": [
        0.0,
        0.0,
        0.0
      ],
      "val_accuracies": [
        0.0,
        0.0,
        0.0
      ],
      "epochs": [
        1,
        2,
        3
      ],
      "gradients": [
        1.5032959543461493,
        1.5095820511548255,
        1.50802220020234
      ],
      "learning_rates": [
        1.1744051200000004e-05,
        1.1744051200000004e-05,
        1.1744051200000004e-05
      ],
      "overfitting_scores": [
        0.0,
        0.0,
        0.0
      ],
      "generalization_gaps": [
        0.0,
        0.0,
        0.0
      ]
    },
    "analyses": {
      "plateau": {
        "detected": false
      },
      "task_scores": {
        "accuracy": 0.0,
        "loss_improvement": 0.0
      },
      "mcda": {
        "scores": [
          0.29993051351902333,
          0.5862351490688877,
          0.5999305135190234
        ],
        "best_epoch_idx": 2,
        "best_epoch": 3,
        "best_score": 0.5999305135190234,
        "weights": {
          "loss": 0.3,
          "accuracy": 0.4,
          "stability": 0.15,
          "gradient_health": 0.15
        }
      },
      "voting": {
        "candidates": {
          "mcda": 2,
          "min_loss": "2"
        },
        "selected_epoch_idx": 2,
        "selected_epoch": 3,
        "votes": 2,
        "total_voters": 2,
        "confidence": 1.0
      }
    },
    "recommendation": {
      "epoch_idx": 2,
      "epoch": 3,
      "confidence": 1.0,
      "reasoning": [
        "\ub192\uc740 \ud22c\ud45c \uc2e0\ub8b0\ub3c4 (100.0%)"
      ]
    }
  },
  "emotion_head": {
    "module": "emotion_head",
    "metrics": {
      "train_losses": [
        1.1636338930791519,
        1.1622253148032016,
        1.1590179139473191
      ],
      "val_losses": [
        1.1636338930791519,
        1.1622253148032016,
        1.1590179139473191
      ],
      "train_accuracies": [
        0.4463564903335458,
        0.4451880178457616,
        0.45241130231570004
      ],
      "val_accuracies": [
        0.4463564903335458,
        0.4451880178457616,
        0.45241130231570004
      ],
      "epochs": [
        1,
        2,
        3
      ],
      "gradients": [
        0,
        0,
        0
      ],
      "learning_rates": [
        1.1744051200000004e-05,
        1.1744051200000004e-05,
        1.1744051200000004e-05
      ],
      "overfitting_scores": [
        0.0,
        0.0,
        0.0
      ],
      "generalization_gaps": [
        0.0,
        0.0,
        0.0
      ]
    },
    "analyses": {
      "plateau": {
        "detected": false
      },
      "task_scores": {
        "emotion_score": 0.0,
        "bentham_score": 0.0,
        "regret_score": 0.0,
        "surd_score": 0.0,
        "combined": 0.0
      },
      "mcda": {
        "scores": [
          NaN,
          NaN,
          NaN
        ],
        "best_epoch_idx": 0,
        "best_epoch": 1,
        "best_score": NaN,
        "weights": {
          "loss": 0.3,
          "accuracy": 0.4,
          "stability": 0.15,
          "gradient_health": 0.15
        }
      },
      "voting": {
        "candidates": {
          "mcda": 0,
          "task": 0,
          "min_loss": "2"
        },
        "selected_epoch_idx": 0,
        "selected_epoch": 1,
        "votes": 2,
        "total_voters": 3,
        "confidence": 0.6666666666666666
      }
    },
    "recommendation": {
      "epoch_idx": 0,
      "epoch": 1,
      "confidence": 0.6666666666666666,
      "reasoning": [
        "\ub192\uc740 \ud22c\ud45c \uc2e0\ub8b0\ub3c4 (66.7%)"
      ]
    }
  },
  "surd_head": {
    "module": "surd_head",
    "metrics": {
      "train_losses": [
        0.619334437423181,
        0.6155013147815159,
        0.6177274809284831
      ],
      "val_losses": [
        0.619334437423181,
        0.6155013147815159,
        0.6177274809284831
      ],
      "train_accuracies": [
        0.41690567240280435,
        0.4184459315912471,
        0.41756957722540894
      ],
      "val_accuracies": [
        0.41690567240280435,
        0.4184459315912471,
        0.41756957722540894
      ],
      "epochs": [
        1,
        2,
        3
      ],
      "gradients": [
        0,
        0,
        0
      ],
      "learning_rates": [
        1.1744051200000004e-05,
        1.1744051200000004e-05,
        1.1744051200000004e-05
      ],
      "overfitting_scores": [
        0.0,
        0.0,
        0.0
      ],
      "generalization_gaps": [
        0.0,
        0.0,
        0.0
      ]
    },
    "analyses": {
      "plateau": {
        "detected": false
      },
      "task_scores": {
        "emotion_score": 0.0,
        "bentham_score": 0.0,
        "regret_score": 0.0,
        "surd_score": 0.0,
        "combined": 0.0
      },
      "mcda": {
        "scores": [
          0.14976462137099705,
          0.8497646213709971,
          0.44794713973493255
        ],
        "best_epoch_idx": 1,
        "best_epoch": 2,
        "best_score": 0.8497646213709971,
        "weights": {
          "loss": 0.3,
          "accuracy": 0.4,
          "stability": 0.15,
          "gradient_health": 0.15
        }
      },
      "voting": {
        "candidates": {
          "mcda": 1,
          "task": 0,
          "min_loss": "1"
        },
        "selected_epoch_idx": 1,
        "selected_epoch": 2,
        "votes": 2,
        "total_voters": 3,
        "confidence": 0.6666666666666666
      }
    },
    "recommendation": {
      "epoch_idx": 1,
      "epoch": 2,
      "confidence": 0.6666666666666666,