{
  "bentham_head": {
    "module": "bentham_head",
    "metrics": {
      "train_losses": [
        0.37076273291752243,
        0.37090800476537683,
        0.3708704807638286
      ],
      "val_losses": [
        0.37076273291752243,
        0.37950085089265956,
        0.3708704807638286
      ],
      "train_accuracies": [
        0.05117909591356128,
        0.05211387392642368,
        0.051943914298010097
      ],
      "val_accuracies": [
        0.05117909591356128,
        0.07399617723166145,
        0.051943914298010097
      ],
      "epochs": [
        1,
        2,
        3
      ],
      "gradients": [
        0,
        0,
        0
      ],
      "learning_rates": [
        2.097152000000001e-05,
        2.097152000000001e-05,
        2.097152000000001e-05
      ],
      "overfitting_scores": [
        0.0,
        0.008592846127282727,
        0.0
      ],
      "generalization_gaps": [
        0.0,
        -0.02188230330523777,
        0.0
      ]
    },
    "analyses": {
      "plateau": {
        "detected": false
      },
      "task_scores": {
        "emotion_score": 0.0,
        "bentham_score": 0.0,
        "regret_score": 0.0,
        "surd_score": 0.0,
        "combined": 0.0
      },
      "mcda": {
        "scores": [
          0.44938839967535793,
          0.549388399675358,
          0.45909698595525816
        ],
        "best_epoch_idx": 1,
        "best_epoch": 2,
        "best_score": 0.549388399675358,
        "weights": {
          "loss": 0.3,
          "accuracy": 0.4,
          "stability": 0.15,
          "gradient_health": 0.15
        }
      },
      "voting": {
        "candidates": {
          "mcda": 1,
          "task": 0,
          "min_loss": "0"
        },
        "selected_epoch_idx": 0,
        "selected_epoch": 1,
        "votes": 2,
        "total_voters": 3,
        "confidence": 0.6666666666666666
      }
    },
    "recommendation": {
      "epoch_idx": 0,
      "epoch": 1,
      "confidence": 0.6666666666666666,
      "reasoning": [
        "\ub192\uc740 \ud22c\ud45c \uc2e0\ub8b0\ub3c4 (66.7%)"
      ]
    }
  },
  "surd_head": {
    "module": "surd_head",
    "metrics": {
      "train_losses": [
        1.166257130560258,
        1.1653021940740274,
        1.1668516107620595
      ],
      "val_losses": [
        1.166257130560258,
        1.2104860719713608,
        1.1668516107620595
      ],
      "train_accuracies": [
        0.1541586998087954,
        0.15115785001062249,
        0.1527777777777778
      ],
      "val_accuracies": [
        0.1541586998087954,
        0.21892925430210325,
        0.1527777777777778
      ],
      "epochs": [
        1,
        2,
        3
      ],
      "gradients": [
        0,
        0,
        0
      ],
      "learning_rates": [
        2.097152000000001e-05,
        2.097152000000001e-05,
        2.097152000000001e-05
      ],
      "overfitting_scores": [
        0.0,
        0.04518387789733347,
        0.0
      ],
      "generalization_gaps": [
        0.0,
        -0.06777140429148076,
        0.0
      ]
    },
    "analyses": {
      "plateau": {
        "detected": false
      },
      "task_scores": {
        "emotion_score": 0.0,
        "bentham_score": 0.0,
        "regret_score": 0.0,
        "surd_score": 0.0,
        "combined": 0.0
      },
      "mcda": {
        "scores": [
          0.4553064429547283,
          0.546956382737948,
          0.44292408951883755
        ],
        "best_epoch_idx": 1,
        "best_epoch": 2,
        "best_score": 0.546956382737948,
        "weights": {
          "loss": 0.3,
          "accuracy": 0.4,
          "stability": 0.15,
          "gradient_health": 0.15
        }
      },
      "voting": {
        "candidates": {
          "mcda": 1,
          "task": 0,
          "min_loss": "0"
        },
        "selected_epoch_idx": 0,
        "selected_epoch": 1,
        "votes": 2,
        "total_voters": 3,
        "confidence": 0.6666666666666666
      }
    },
    "recommendation": {
      "epoch_idx": 0,
      "epoch": 1,
      "confidence": 0.6666666666666666,
      "reasoning": [
        "\ub192\uc740 \ud22c\ud45c \uc2e0\ub8b0\ub3c4 (66.7%)"
      ]
    }
  },
  "regret_head": {
    "module": "regret_head",
    "metrics": {
      "train_losses": [
        0.12662091007735624,
        0.12657307636301227,
        0.1265951714158693
      ],
      "val_losses": [
        0.12662091007735624,
        0.14393847022583106,
        0.1265951714158693
      ],
      "train_accuracies": [
        0.03011472275334608,
        0.030698958997238155,
        0.027777777777777776
      ],
      "val_accuracies": [
        0.03011472275334608,
        0.0028680688336520078,
        0.027777777777777776
      ],
      "epochs": [
        1,
        2,
        3
      ],
      "gradients": [
        0,
        0,
        0
      ],
      "learning_rates": [
        2.097152000000001e-05,
        2.097152000000001e-05,
        2.097152000000001e-05
      ],
      "overfitting_scores": [
        0.0,
        0.017365393862818795,
        0.0
      ],
      "generalization_gaps": [
        0.0,
        0.02783089016358615,
        0.0
      ]
    },
    "analyses": {
      "plateau": {
        "detected": false
      },
      "task_scores": {
        "emotion_score": 0.0,
        "bentham_score": 0.0,
        "regret_score": 0.0,
        "surd_score": 0.0,
        "combined": 0.0
      },
      "mcda": {
        "scores": [
          0.8483392620524347,
          0.14878448291443358,
          0.8144764907117046
        ],
        "best_epoch_idx": 0,
        "best_epoch": 1,
        "best_score": 0.8483392620524347,
        "weights": {
          "loss": 0.3,
          "accuracy": 0.4,
          "stability": 0.15,
          "gradient_health": 0.15
        }
      },
      "voting": {
        "candidates": {
          "mcda": 0,
          "task": 0,
          "min_loss": "2"
        },
        "selected_epoch_idx": 0,
        "selected_epoch": 1,
        "votes": 2,
        "total_voters": 3,
        "confidence": 0.6666666666666666
      }
    },
    "recommendation": {
      "epoch_idx": 0,
      "epoch": 1,
      "confidence": 0.6666666666666666,
      "reasoning": [
        "MCDA \uc810\uc218 \uc6b0\uc218 (0.848)",
        "\ub192\uc740 \ud22c\ud45c \uc2e0\ub8b0\ub3c4 (66.7%)"
      ]
    }
  },
  "neural_analyzers": {
    "module": "neural_analyzers",
    "metrics": {
      "train_losses": [
        0.7210786076403469,
        0.7209093383657235,
        0.7210170635812818
      ],
      "val_losses": [
        0.7210786076403469,
        0.7205884041548235,
        0.7210170635812818
      ],
      "train_accuracies": [
        0.0,
        0.0,
        0.0
      ],
      "val_accuracies": [
        0.0,
        0.0,
        0.0
      ],
      "epochs": [
        1,
        2,
        3
      ],
      "gradients": [
        0,
        0,
        0
      ],
      "learning_rates": [
        2.097152000000001e-05,
        2.097152000000001e-05,
        2.097152000000001e-05
      ],
      "overfitting_scores": [
        0.0,
        -0.0003209342108999591,
        0.0
      ],
      "generalization_gaps": [
        0.0,
        0.0,
        0.0
      ]
    },
    "analyses": {
      "plateau": {
        "detected": false
      },
      "task_scores": {
        "stability": 0.9997820169398448,
        "convergence": 4.2472796326316245e-05
      },
      "mcda": {
        "scores": [
          0.1499673025409767,
          0.4499673025409767,
          0.18763169756219697
        ],
        "best_epoch_idx": 1,
        "best_epoch": 2,
        "best_score": 0.4499673025409767,
        "weights": {
          "loss": 0.3,
          "accuracy": 0.4,
          "stability": 0.15,
          "gradient_health": 0.15
        }
      },
      "voting": {
        "candidates": {
          "mcda": 1,
          "min_loss": "1"
        },
        "selected_epoch_idx": 1,
        "selected_epoch": 2,